<?xml version="1.0" encoding="UTF-8"?>
<!DOCTYPE mapper PUBLIC "-//mybatis.org//DTD Mapper 3.0//EN" "mybatis-3-mapper.dtd" >
<mapper namespace="cn.kgc.mapper.GoodsMapper">


    <select id="getAllGoods" parameterType="String" resultType="Goods">
        SELECT * FROM goods
        <where>
            <if test="goodsName != null and goodsName != ''">
                AND goods.goodsName LIKE CONCAT('%', #{goodsName}, '%')
            </if>
        </where>
    </select>


    <delete id="delGoodsById" parameterType="Integer">
        DELETE FROM goods
        WHERE goods.goodsId = #{goodsId}
    </delete>


    <update id="modGoodsById" parameterType="Goods">
        UPDATE goods
        SET goods.goodsName = #{goodsName}, goods.goodsPrice = #{goodsPrice}, goods.goodsDesc = #{goodsDesc}
        WHERE goods.goodsId = #{goodsId}
    </update>

    <select id="getRowCount" parameterType="String">
        Select Count(*) from goods
        <where>

            <if test="#{goodsName}!=null and #{goodsName}!=''">
                goodsName=#{goodsName}
            </if>
        </where>

    </select>
</mapper>
