<?xml version="1.0" encoding="UTF-8"?>
<beans xmlns="http://www.springframework.org/schema/beans"
       xmlns:xsi="http://www.w3.org/2001/XMLSchema-instance" xmlns:context="http://www.springframework.org/schema/context" xmlns:mvc="http://www.springframework.org/schema/mvc"
       xsi:schemaLocation="http://www.springframework.org/schema/beans http://www.springframework.org/schema/beans/spring-beans.xsd   http://www.springframework.org/schema/context http://www.springframework.org/schema/context/spring-context.xsd http://www.springframework.org/schema/mvc http://www.springframework.org/schema/mvc/spring-mvc.xsd">

    <!--注解版的版本的映射器和适配器-->
    <mvc:annotation-driven></mvc:annotation-driven>
    <!--视图的解析器-->
    <bean id="resourceViewResolver" class="org.springframework.web.servlet.view.InternalResourceViewResolver">


        <!--配置前缀-->
        <property name="prefix" value="/"></property>


        <property name="suffix" value=".jsp"></property>

    </bean>

    <!--静态资源的放行-->
    <!--美元符号未定义不加入的话-->
    <mvc:default-servlet-handler></mvc:default-servlet-handler>
</beans>