<?xml version="1.0" encoding="UTF-8"?>
<beans xmlns="http://www.springframework.org/schema/beans"
       xmlns:xsi="http://www.w3.org/2001/XMLSchema-instance" xmlns:context="http://www.springframework.org/schema/context" xmlns:mvc="http://www.springframework.org/schema/mvc"
       xsi:schemaLocation="http://www.springframework.org/schema/beans http://www.springframework.org/schema/beans/spring-beans.xsd   http://www.springframework.org/schema/context http://www.springframework.org/schema/context/spring-context.xsd http://www.springframework.org/schema/mvc http://www.springframework.org/schema/mvc/spring-mvc.xsd">


    <!--导入jdbc配置文件-->
    <context:property-placeholder location="classpath:jdbc.properties"/>
    <!--组件的扫描-->
    <!--包括子包的实例化对象 都实例化 使用注解的形式-->
    <context:component-scan base-package="cn.kgc"/>
    <!--数据源的对象,连接数据库-->
    <bean id="dataSource" class="org.springframework.jdbc.datasource.DriverManagerDataSource">
        <property name="driverClassName" value="${jdbc.driver}"/>
        <property name="url" value="${jdbc.url}"/>
        <property name="username" value="${jdbc.username}"/>
        <property name="password" value="${jdbc.password}"/>
    </bean>

    <bean class="org.mybatis.spring.SqlSessionFactoryBean" id="sqlSessionFactory">
        <!--注入一个数据源-->
        <property name="dataSource" ref="dataSource"></property>
        <!--给包取一个别名-->
        <property name="typeAliasesPackage" value="cn.kgc.entity"></property>
        <!--定义mapper 的路径和识别-->
        <property name="mapperLocations" value="classpath:mapper/*Mapper.xml"></property>
        <!--日志导入-->
        <property name="configuration">


            <bean class="org.apache.ibatis.session.Configuration">


                <property name="logImpl" value="org.apache.ibatis.logging.stdout.StdOutImpl"></property>
            </bean>


        </property>

    </bean>


    <bean class="org.mybatis.spring.mapper.MapperScannerConfigurer">


        <property name="sqlSessionFactoryBeanName" value="sqlSessionFactory"></property>

        <property name="basePackage" value="cn.kgc.mapper"></property>

    </bean>
    <!--静态资源的放行-->
    <!--美元符号未定义不加入的话-->
    <mvc:default-servlet-handler></mvc:default-servlet-handler>

</beans>